{
	"init" : 	{
		"C" : 		{
			"ratios" : 1,
			"names" : "1/1"
		}
,
		"C#" : 		{
			"ratios" : 1,
			"names" : "16/15"
		}
,
		"D" : 		{
			"ratios" : 1,
			"names" : "9/8"
		}
,
		"D#" : 		{
			"ratios" : 1,
			"names" : "6/5"
		}
,
		"E" : 		{
			"ratios" : 1,
			"names" : "5/4"
		}
,
		"F" : 		{
			"ratios" : 1,
			"names" : "4/3"
		}
,
		"F#" : 		{
			"ratios" : 1,
			"names" : "7/5"
		}
,
		"G" : 		{
			"ratios" : 1,
			"names" : "3/2"
		}
,
		"G#" : 		{
			"ratios" : 1,
			"names" : "8/5"
		}
,
		"A" : 		{
			"ratios" : 1,
			"names" : "5/3"
		}
,
		"A#" : 		{
			"ratios" : 1,
			"names" : "7/4"
		}
,
		"B" : 		{
			"ratios" : 1,
			"names" : "15/8"
		}

	}
,
	"C" : 1.0,
	"C#" : 1.066666666666667,
	"D" : 1.125,
	"D#" : 1.2,
	"E" : 1.25,
	"F" : 1.333333333333333,
	"F#" : 1.4,
	"G" : 1.5,
	"G#" : 1.6,
	"A" : 1.666666666666667,
	"A#" : 1.75,
	"B" : 1.875
}
