{
	"init" : 	{
		"C" : 		{
			"ratios" : 1,
			"names" : [ "def"]
		},
		"C#" : 		{
			"ratios" : 1,
			"names" : [ "def"]
		},
		"D" : 		{
			"ratios" : 1,
			"names" : [ "def"]
		},
		"D#" : 		{
			"ratios" : 1,
			"names" : [ "def"]
		},
		"E" : 		{
			"ratios" : 1,
			"names" : [ "def"]
		},
		"F" : 		{
			"ratios" : 1,
			"names" : [ "def"]
		},
		"F#" : 		{
			"ratios" : 1,
			"names" : [ "def"]
		},
		"G" : 		{
			"ratios" : 1,
			"names" : [ "def"]
		},
		"G#" : 		{
			"ratios" : 1,
			"names" : [ "def"]
		},
		"A" : 		{
			"ratios" : 1,
			"names" : [ "def"]
		},
		"A#" : 		{
			"ratios" : 1,
			"names" : [ "def"]
		},
		"B" : 		{
			"ratios" : 1,
			"names" : [ "def"]
		}
	}
,
	"C" : [ 1 ],
	"C#" : [ 1.059463 ],
	"D" : [1.122462],
	"D#" : [ 1.189207 ],
	"E": [ 1.259921 ],
	"F": [ 1.33484 ],
	"F#": [ 1.414214 ],
	"G": [ 1.498307 ],
	"G#": [ 1.587401 ],
	"A": [ 1.681793 ],
	"A#": [ 1.781797 ],
	"B": [ 1.887749 ]
}
